Loan_ID,Gender,Married,Dependents,Education,Self_Employed,ApplicantIncome,CoapplicantIncome,LoanAmount,Loan_Amount_Term,Credit_History,Property_Area,Loan_Status,Approved_loan,incomelevel,status,is_owning,credit_bands
LP001002,Male,No,0,Graduate,No,3317724,0.0,128.0,360.0,1.0,Urban,y,1,low,1,0,mid
LP001003,Male,Yes,1,Graduate,No,3317724,1508.0,128.0,360.0,1.0,Rural,n,0,low,1,0,mid
LP001005,Male,Yes,0,Graduate,Yes,3317724,0.0,66.0,360.0,1.0,Urban,y,1,low,1,0,mid
LP001006,Male,Yes,0,Not Graduate,No,3317724,2358.0,120.0,360.0,1.0,Urban,y,1,low,1,0,mid
LP001008,Male,No,0,Graduate,No,3317724,0.0,141.0,360.0,1.0,Urban,y,1,low,1,0,mid
LP001011,Male,Yes,2,Graduate,Yes,3317724,4196.0,267.0,360.0,1.0,Urban,y,1,low,1,0,mid
LP001013,Male,Yes,0,Not Graduate,No,3317724,1516.0,95.0,360.0,1.0,Urban,y,1,low,1,0,mid
LP001014,Male,Yes,3+,Graduate,No,3317724,2504.0,158.0,360.0,0.0,Semiurban,n,0,low,1,0,low
LP001018,Male,Yes,2,Graduate,No,3317724,1526.0,168.0,360.0,1.0,Urban,y,1,low,1,0,mid
LP001020,Male,Yes,1,Graduate,No,3317724,10968.0,349.0,360.0,1.0,Semiurban,n,0,High,1,0,mid
LP001024,Male,Yes,2,Graduate,No,3317724,700.0,70.0,360.0,1.0,Urban,y,1,low,1,0,mid
LP001027,Male,Yes,2,Graduate,Uknown,3317724,1840.0,109.0,360.0,1.0,Urban,y,1,low,1,0,mid
LP001028,Male,Yes,2,Graduate,No,3317724,8106.0,200.0,360.0,1.0,Urban,y,1,High,1,0,mid
LP001029,Male,No,0,Graduate,No,3317724,2840.0,114.0,360.0,1.0,Rural,n,0,low,1,0,mid
LP001030,Male,Yes,2,Graduate,No,3317724,1086.0,17.0,120.0,1.0,Urban,y,1,low,1,0,mid
LP001032,Male,No,0,Graduate,No,3317724,0.0,125.0,360.0,1.0,Urban,y,1,low,1,0,mid
LP001034,Male,No,1,Not Graduate,No,3317724,0.0,100.0,240.0,,Urban,y,1,low,1,0,High
LP001036,Female,No,0,Graduate,No,3317724,0.0,76.0,360.0,0.0,Urban,n,0,low,1,0,low
LP001038,Male,Yes,0,Not Graduate,No,3317724,0.0,133.0,360.0,1.0,Rural,n,0,low,1,0,mid
LP001041,Male,Yes,0,Graduate,Uknown,3317724,3500.0,115.0,360.0,1.0,Urban,y,1,low,1,0,mid
LP001043,Male,Yes,0,Not Graduate,No,3317724,0.0,104.0,360.0,0.0,Urban,n,0,low,1,0,low
LP001046,Male,Yes,1,Graduate,No,3317724,5625.0,315.0,360.0,1.0,Urban,y,1,High,1,0,mid
LP001047,Male,Yes,0,Not Graduate,No,3317724,1911.0,116.0,360.0,0.0,Semiurban,n,0,low,1,0,low
LP001050,Uknown,Yes,2,Not Graduate,No,3317724,1917.0,112.0,360.0,0.0,Rural,n,0,low,1,0,low
LP001052,Male,Yes,1,Graduate,Uknown,3317724,2925.0,151.0,360.0,,Semiurban,n,0,low,1,0,High
LP001066,Male,Yes,0,Graduate,Yes,3317724,0.0,191.0,360.0,1.0,Semiurban,y,1,low,1,0,mid
LP001068,Male,Yes,0,Graduate,No,3317724,2253.0,122.0,360.0,1.0,Semiurban,y,1,low,1,0,mid
LP001073,Male,Yes,2,Not Graduate,No,3317724,1040.0,110.0,360.0,1.0,Urban,y,1,low,1,0,mid
LP001086,Male,No,0,Not Graduate,No,3317724,0.0,35.0,360.0,1.0,Urban,n,0,low,1,0,mid
LP001087,Female,No,2,Graduate,Uknown,3317724,2083.0,120.0,360.0,1.0,Semiurban,y,1,low,1,0,mid
LP001091,Male,Yes,1,Graduate,Uknown,3317724,3369.0,201.0,360.0,,Urban,n,0,low,1,0,High
LP001095,Male,No,0,Graduate,No,3317724,0.0,74.0,360.0,1.0,Urban,n,0,low,1,0,mid
LP001097,Male,No,1,Graduate,Yes,3317724,0.0,106.0,360.0,1.0,Rural,n,0,low,1,0,mid
LP001098,Male,Yes,0,Graduate,No,3317724,1667.0,114.0,360.0,1.0,Semiurban,y,1,low,1,0,mid
LP001100,Male,No,3+,Graduate,No,3317724,3000.0,320.0,360.0,1.0,Rural,n,0,low,1,0,mid
LP001106,Male,Yes,0,Graduate,No,3317724,2067.0,128.0,360.0,1.0,Urban,y,1,low,1,0,mid
LP001109,Male,Yes,0,Graduate,No,3317724,1330.0,100.0,360.0,0.0,Urban,n,0,low,1,0,low
LP001112,Female,Yes,0,Graduate,No,3317724,1459.0,144.0,360.0,1.0,Semiurban,y,1,low,1,0,mid
LP001114,Male,No,0,Graduate,No,3317724,7210.0,184.0,360.0,1.0,Urban,y,1,High,1,0,mid
LP001116,Male,No,0,Not Graduate,No,3317724,1668.0,110.0,360.0,1.0,Semiurban,y,1,low,1,0,mid
LP001119,Male,No,0,Graduate,No,3317724,0.0,80.0,360.0,1.0,Urban,n,0,low,1,0,mid
LP001120,Male,No,0,Graduate,No,3317724,1213.0,47.0,360.0,1.0,Urban,y,1,low,1,0,mid
LP001123,Male,Yes,0,Graduate,No,3317724,0.0,75.0,360.0,,Urban,y,1,low,1,0,High
LP001131,Male,Yes,0,Graduate,No,3317724,2336.0,134.0,360.0,1.0,Semiurban,y,1,low,1,0,mid
LP001136,Male,Yes,0,Not Graduate,Yes,3317724,0.0,96.0,360.0,1.0,Urban,y,1,low,1,0,mid
LP001137,Female,No,0,Graduate,No,3317724,0.0,88.0,360.0,1.0,Urban,y,1,low,1,0,mid
LP001138,Male,Yes,1,Graduate,No,3317724,0.0,44.0,360.0,1.0,Urban,y,1,low,1,0,mid
LP001144,Male,Yes,0,Graduate,No,3317724,0.0,144.0,360.0,1.0,Urban,y,1,low,1,0,mid
LP001146,Female,Yes,0,Graduate,No,3317724,3440.0,120.0,360.0,0.0,Urban,n,0,low,1,0,low
LP001151,Female,No,0,Graduate,No,3317724,2275.0,144.0,360.0,1.0,Semiurban,y,1,low,1,0,mid
LP001155,Female,Yes,0,Not Graduate,No,3317724,1644.0,100.0,360.0,1.0,Semiurban,y,1,low,1,0,mid
LP001157,Female,No,0,Graduate,No,3317724,0.0,120.0,360.0,1.0,Semiurban,y,1,low,1,0,mid
LP001164,Female,No,0,Graduate,No,3317724,0.0,112.0,360.0,1.0,Semiurban,n,0,low,1,0,mid
LP001179,Male,Yes,2,Graduate,No,3317724,0.0,134.0,360.0,1.0,Urban,n,0,low,1,0,mid
LP001186,Female,Yes,1,Graduate,Yes,3317724,0.0,286.0,360.0,0.0,Urban,n,0,low,1,0,low
LP001194,Male,Yes,2,Graduate,No,3317724,1167.0,97.0,360.0,1.0,Semiurban,y,1,low,1,0,mid
LP001195,Male,Yes,0,Graduate,No,3317724,1591.0,96.0,360.0,1.0,Semiurban,y,1,low,1,0,mid
LP001197,Male,Yes,0,Graduate,No,3317724,2200.0,135.0,360.0,1.0,Rural,n,0,low,1,0,mid
LP001198,Male,Yes,1,Graduate,No,3317724,2250.0,180.0,360.0,1.0,Urban,y,1,low,1,0,mid
LP001199,Male,Yes,2,Not Graduate,No,3317724,2859.0,144.0,360.0,1.0,Urban,y,1,low,1,0,mid
LP001205,Male,Yes,0,Graduate,No,3317724,3796.0,120.0,360.0,1.0,Urban,y,1,low,1,0,mid
LP001206,Male,Yes,3+,Graduate,No,3317724,0.0,99.0,360.0,1.0,Urban,y,1,low,1,0,mid
LP001207,Male,Yes,0,Not Graduate,Yes,3317724,3449.0,165.0,180.0,0.0,Rural,n,0,low,1,0,low
LP001213,Male,Yes,1,Graduate,No,3317724,0.0,128.0,360.0,0.0,Rural,n,0,low,1,0,low
LP001222,Female,No,0,Graduate,No,3317724,0.0,116.0,360.0,0.0,Semiurban,n,0,low,1,0,low
LP001225,Male,Yes,0,Graduate,No,3317724,4595.0,258.0,360.0,1.0,Semiurban,n,0,low,1,0,mid
LP001228,Male,No,0,Not Graduate,No,3317724,2254.0,126.0,180.0,0.0,Urban,n,0,low,1,0,low
LP001233,Male,Yes,1,Graduate,No,3317724,0.0,312.0,360.0,1.0,Urban,y,1,low,1,0,mid
LP001238,Male,Yes,3+,Not Graduate,Yes,3317724,0.0,125.0,60.0,1.0,Urban,y,1,low,1,0,mid
LP001241,Female,No,0,Graduate,No,3317724,0.0,136.0,360.0,0.0,Semiurban,n,0,low,1,0,low
LP001243,Male,Yes,0,Graduate,No,3317724,3066.0,172.0,360.0,1.0,Urban,y,1,low,1,0,mid
LP001245,Male,Yes,2,Not Graduate,Yes,3317724,1875.0,97.0,360.0,1.0,Semiurban,y,1,low,1,0,mid
LP001248,Male,No,0,Graduate,No,3317724,0.0,81.0,300.0,1.0,Semiurban,y,1,low,1,0,mid
LP001250,Male,Yes,3+,Not Graduate,No,3317724,0.0,95.0,360.0,0.0,Semiurban,n,0,low,1,0,low
LP001253,Male,Yes,3+,Graduate,Yes,3317724,1774.0,187.0,360.0,1.0,Semiurban,y,1,low,1,0,mid
LP001255,Male,No,0,Graduate,No,3317724,0.0,113.0,480.0,1.0,Urban,n,0,low,1,0,mid
LP001256,Male,No,0,Graduate,No,3317724,4750.0,176.0,360.0,1.0,Urban,n,0,low,1,0,mid
LP001259,Male,Yes,1,Graduate,Yes,3317724,3022.0,110.0,360.0,1.0,Urban,n,0,low,1,0,mid
LP001263,Male,Yes,3+,Graduate,No,3317724,4000.0,180.0,300.0,0.0,Semiurban,n,0,low,1,0,low
LP001264,Male,Yes,3+,Not Graduate,Yes,3317724,2166.0,130.0,360.0,,Semiurban,y,1,low,1,0,High
LP001265,Female,No,0,Graduate,No,3317724,0.0,111.0,360.0,1.0,Semiurban,y,1,low,1,0,mid
LP001266,Male,Yes,1,Graduate,Yes,3317724,0.0,128.0,360.0,1.0,Semiurban,y,1,low,1,0,mid
LP001267,Female,Yes,2,Graduate,No,3317724,1881.0,167.0,360.0,1.0,Urban,n,0,low,1,0,mid
LP001273,Male,Yes,0,Graduate,No,3317724,2250.0,265.0,360.0,,Semiurban,n,0,low,1,0,High
LP001275,Male,Yes,1,Graduate,No,3317724,0.0,50.0,240.0,1.0,Urban,y,1,low,1,0,mid
LP001279,Male,No,0,Graduate,No,3317724,2531.0,136.0,360.0,1.0,Semiurban,y,1,low,1,0,mid
LP001280,Male,Yes,2,Not Graduate,No,3317724,2000.0,99.0,360.0,,Semiurban,y,1,low,1,0,High
LP001282,Male,Yes,0,Graduate,No,3317724,2118.0,104.0,360.0,1.0,Semiurban,y,1,low,1,0,mid
LP001289,Male,No,0,Graduate,No,3317724,0.0,210.0,360.0,1.0,Urban,y,1,low,1,0,mid
LP001310,Male,Yes,0,Graduate,No,3317724,4167.0,175.0,360.0,1.0,Semiurban,y,1,low,1,0,mid
LP001316,Male,Yes,0,Graduate,No,3317724,2900.0,131.0,360.0,1.0,Semiurban,y,1,low,1,0,mid
LP001318,Male,Yes,2,Graduate,No,3317724,5654.0,188.0,180.0,1.0,Semiurban,y,1,High,1,0,mid
LP001319,Male,Yes,2,Not Graduate,No,3317724,1820.0,81.0,360.0,1.0,Urban,y,1,low,1,0,mid
LP001322,Male,No,0,Graduate,No,3317724,0.0,122.0,360.0,1.0,Semiurban,y,1,low,1,0,mid
LP001325,Male,No,0,Not Graduate,No,3317724,0.0,25.0,120.0,1.0,Semiurban,y,1,low,1,0,mid
LP001326,Male,No,0,Graduate,Uknown,3317724,0.0,128.0,360.0,,Urban,n,0,low,1,0,High
LP001327,Female,Yes,0,Graduate,No,3317724,2302.0,137.0,360.0,1.0,Semiurban,y,1,low,1,0,mid
LP001333,Male,Yes,0,Graduate,No,3317724,997.0,50.0,360.0,1.0,Semiurban,y,1,low,1,0,mid
LP001334,Male,Yes,0,Not Graduate,No,3317724,0.0,115.0,180.0,1.0,Semiurban,y,1,low,1,0,mid
LP001343,Male,Yes,0,Graduate,No,3317724,3541.0,131.0,360.0,1.0,Semiurban,y,1,low,1,0,mid
LP001345,Male,Yes,2,Not Graduate,No,3317724,3263.0,133.0,180.0,1.0,Urban,y,1,low,1,0,mid
LP001349,Male,No,0,Graduate,No,3317724,3806.0,151.0,360.0,1.0,Semiurban,y,1,low,1,0,mid
LP001350,Male,Yes,Uknown,Graduate,No,3317724,0.0,128.0,360.0,1.0,Urban,y,1,low,1,0,mid
LP001356,Male,Yes,0,Graduate,No,3317724,3583.0,128.0,360.0,1.0,Semiurban,y,1,low,1,0,mid
LP001357,Male,Uknown,Uknown,Graduate,No,3317724,754.0,160.0,360.0,1.0,Urban,y,1,low,1,0,mid
LP001367,Male,Yes,1,Graduate,No,3317724,1030.0,100.0,360.0,1.0,Urban,y,1,low,1,0,mid
LP001369,Male,Yes,2,Graduate,No,3317724,1126.0,225.0,360.0,1.0,Urban,y,1,low,1,0,mid
LP001370,Male,No,0,Not Graduate,Uknown,3317724,0.0,120.0,360.0,1.0,Rural,n,0,low,1,0,mid
LP001379,Male,Yes,2,Graduate,No,3317724,3600.0,216.0,360.0,0.0,Urban,n,0,low,1,0,low
LP001384,Male,Yes,3+,Not Graduate,No,3317724,754.0,94.0,480.0,1.0,Semiurban,y,1,low,1,0,mid
LP001385,Male,No,0,Graduate,No,3317724,0.0,136.0,360.0,1.0,Urban,y,1,low,1,0,mid
LP001387,Female,Yes,0,Graduate,Uknown,3317724,2333.0,139.0,360.0,1.0,Semiurban,y,1,low,1,0,mid
LP001391,Male,Yes,0,Not Graduate,No,3317724,4114.0,152.0,360.0,0.0,Rural,n,0,low,1,0,low
LP001392,Female,No,1,Graduate,Yes,3317724,0.0,128.0,360.0,1.0,Semiurban,y,1,low,1,0,mid
LP001398,Male,No,0,Graduate,Uknown,3317724,0.0,118.0,360.0,1.0,Semiurban,y,1,low,1,0,mid
LP001401,Male,Yes,1,Graduate,No,3317724,0.0,185.0,180.0,1.0,Rural,y,1,low,1,0,mid
LP001404,Female,Yes,0,Graduate,No,3317724,2283.0,154.0,360.0,1.0,Semiurban,y,1,low,1,0,mid
LP001405,Male,Yes,1,Graduate,No,3317724,1398.0,85.0,360.0,,Urban,y,1,low,1,0,High
LP001421,Male,Yes,0,Graduate,No,3317724,2142.0,175.0,360.0,1.0,Rural,n,0,low,1,0,mid
LP001422,Female,No,0,Graduate,No,3317724,0.0,259.0,360.0,1.0,Urban,y,1,low,1,0,mid
LP001426,Male,Yes,Uknown,Graduate,No,3317724,2667.0,180.0,360.0,1.0,Rural,y,1,low,1,0,mid
LP001430,Female,No,0,Graduate,No,3317724,0.0,44.0,360.0,1.0,Semiurban,y,1,low,1,0,mid
LP001431,Female,No,0,Graduate,No,3317724,8980.0,137.0,360.0,0.0,Semiurban,y,1,High,1,0,low
LP001432,Male,Yes,2,Graduate,No,3317724,0.0,81.0,360.0,1.0,Semiurban,y,1,low,1,0,mid
LP001439,Male,Yes,0,Not Graduate,No,3317724,2014.0,194.0,360.0,1.0,Rural,y,1,low,1,0,mid
LP001443,Female,No,0,Graduate,No,3317724,0.0,93.0,360.0,,Rural,y,1,low,1,0,High
LP001448,Uknown,Yes,3+,Graduate,No,3317724,0.0,370.0,360.0,1.0,Rural,y,1,low,1,0,mid
LP001449,Male,No,0,Graduate,No,3317724,1640.0,128.0,360.0,1.0,Rural,y,1,low,1,0,mid
LP001451,Male,Yes,1,Graduate,Yes,3317724,3850.0,160.0,180.0,0.0,Urban,n,0,low,1,0,low
LP001465,Male,Yes,0,Graduate,No,3317724,2569.0,182.0,360.0,,Rural,n,0,low,1,0,High
LP001469,Male,No,0,Graduate,Yes,3317724,0.0,650.0,480.0,,Urban,y,1,low,1,0,High
LP001473,Male,No,0,Graduate,No,3317724,1929.0,74.0,360.0,1.0,Urban,y,1,low,1,0,mid
LP001478,Male,No,0,Graduate,No,3317724,0.0,70.0,360.0,1.0,Semiurban,y,1,low,1,0,mid
LP001482,Male,Yes,0,Graduate,Yes,3317724,0.0,25.0,120.0,1.0,Semiurban,y,1,low,1,0,mid
LP001487,Male,No,0,Graduate,No,3317724,0.0,102.0,360.0,1.0,Semiurban,y,1,low,1,0,mid
LP001488,Male,Yes,3+,Graduate,No,3317724,7750.0,290.0,360.0,1.0,Semiurban,n,0,High,1,0,mid
LP001489,Female,Yes,0,Graduate,No,3317724,0.0,84.0,360.0,1.0,Rural,n,0,low,1,0,mid
LP001491,Male,Yes,2,Graduate,Yes,3317724,3500.0,88.0,360.0,1.0,Urban,y,1,low,1,0,mid
LP001492,Male,No,0,Graduate,No,3317724,0.0,242.0,360.0,0.0,Semiurban,n,0,low,1,0,low
LP001493,Male,Yes,2,Not Graduate,No,3317724,1430.0,129.0,360.0,1.0,Rural,n,0,low,1,0,mid
LP001497,Male,Yes,2,Graduate,No,3317724,2083.0,185.0,360.0,1.0,Rural,n,0,low,1,0,mid
LP001498,Male,No,0,Graduate,No,3317724,0.0,168.0,360.0,1.0,Urban,y,1,low,1,0,mid
LP001504,Male,No,0,Graduate,Yes,3317724,0.0,175.0,180.0,1.0,Semiurban,y,1,low,1,0,mid
LP001507,Male,Yes,0,Graduate,No,3317724,2034.0,122.0,360.0,1.0,Semiurban,y,1,low,1,0,mid
LP001508,Male,Yes,2,Graduate,No,3317724,0.0,187.0,180.0,1.0,Urban,y,1,low,1,0,mid
LP001514,Female,Yes,0,Graduate,No,3317724,4486.0,100.0,360.0,1.0,Semiurban,y,1,low,1,0,mid
LP001516,Female,Yes,2,Graduate,No,3317724,0.0,70.0,360.0,1.0,Urban,y,1,low,1,0,mid
LP001518,Male,Yes,1,Graduate,No,3317724,1425.0,30.0,360.0,1.0,Urban,y,1,low,1,0,mid
LP001519,Female,No,0,Graduate,No,3317724,1666.0,225.0,360.0,1.0,Rural,n,0,low,1,0,mid
LP001520,Male,Yes,0,Graduate,No,3317724,830.0,125.0,360.0,1.0,Semiurban,y,1,low,1,0,mid
LP001528,Male,No,0,Graduate,No,3317724,0.0,118.0,360.0,0.0,Rural,n,0,low,1,0,low
LP001529,Male,Yes,0,Graduate,Yes,3317724,3750.0,152.0,360.0,1.0,Rural,y,1,low,1,0,mid
LP001531,Male,No,0,Graduate,No,3317724,0.0,244.0,360.0,1.0,Urban,n,0,low,1,0,mid
LP001532,Male,Yes,2,Not Graduate,No,3317724,0.0,113.0,360.0,1.0,Rural,n,0,low,1,0,mid
LP001535,Male,No,0,Graduate,No,3317724,0.0,50.0,360.0,1.0,Urban,y,1,low,1,0,mid
LP001536,Male,Yes,3+,Graduate,No,3317724,0.0,600.0,180.0,0.0,Semiurban,y,1,low,1,0,low
LP001541,Male,Yes,1,Graduate,No,3317724,0.0,160.0,360.0,,Rural,y,1,low,1,0,High
LP001543,Male,Yes,1,Graduate,No,3317724,0.0,187.0,360.0,1.0,Urban,y,1,low,1,0,mid
LP001546,Male,No,0,Graduate,Uknown,3317724,2083.0,120.0,360.0,1.0,Rural,y,1,low,1,0,mid
LP001552,Male,Yes,0,Graduate,No,3317724,5625.0,255.0,360.0,1.0,Semiurban,y,1,High,1,0,mid
LP001560,Male,Yes,0,Not Graduate,No,3317724,1041.0,98.0,360.0,1.0,Semiurban,y,1,low,1,0,mid
LP001562,Male,Yes,0,Graduate,No,3317724,0.0,275.0,360.0,1.0,Urban,n,0,low,1,0,mid
LP001565,Male,Yes,1,Graduate,No,3317724,1280.0,121.0,360.0,0.0,Semiurban,n,0,low,1,0,low
LP001570,Male,Yes,2,Graduate,No,3317724,1447.0,158.0,360.0,1.0,Rural,y,1,low,1,0,mid
LP001572,Male,Yes,0,Graduate,No,3317724,0.0,75.0,180.0,1.0,Urban,y,1,low,1,0,mid
LP001574,Male,Yes,0,Graduate,No,3317724,3166.0,182.0,360.0,1.0,Rural,y,1,low,1,0,mid
LP001577,Female,Yes,0,Graduate,No,3317724,0.0,112.0,360.0,1.0,Rural,n,0,low,1,0,mid
LP001578,Male,Yes,0,Graduate,No,3317724,3333.0,129.0,360.0,1.0,Rural,y,1,low,1,0,mid
LP001579,Male,No,0,Graduate,No,3317724,0.0,63.0,480.0,0.0,Semiurban,n,0,low,1,0,low
LP001580,Male,Yes,2,Graduate,No,3317724,0.0,200.0,360.0,1.0,Semiurban,y,1,low,1,0,mid
LP001581,Male,Yes,0,Not Graduate,Uknown,3317724,1769.0,95.0,360.0,1.0,Rural,y,1,low,1,0,mid
LP001585,Uknown,Yes,3+,Graduate,No,3317724,0.0,700.0,300.0,1.0,Urban,y,1,low,1,0,mid
LP001586,Male,Yes,3+,Not Graduate,No,3317724,0.0,81.0,180.0,1.0,Rural,n,0,low,1,0,mid
LP001594,Male,Yes,0,Graduate,No,3317724,5625.0,187.0,360.0,1.0,Semiurban,y,1,High,1,0,mid
LP001603,Male,Yes,0,Not Graduate,Yes,3317724,736.0,87.0,360.0,1.0,Semiurban,n,0,low,1,0,mid
LP001606,Male,Yes,0,Graduate,No,3317724,1964.0,116.0,360.0,1.0,Rural,y,1,low,1,0,mid
LP001608,Male,Yes,2,Graduate,No,3317724,1619.0,101.0,360.0,1.0,Rural,y,1,low,1,0,mid
LP001610,Male,Yes,3+,Graduate,No,3317724,11300.0,495.0,360.0,0.0,Semiurban,n,0,High,1,0,low
LP001616,Male,Yes,1,Graduate,No,3317724,0.0,116.0,360.0,1.0,Semiurban,y,1,low,1,0,mid
LP001630,Male,No,0,Not Graduate,No,3317724,1451.0,102.0,480.0,0.0,Urban,n,0,low,1,0,low
LP001633,Male,Yes,1,Graduate,No,3317724,7250.0,180.0,360.0,0.0,Urban,n,0,High,1,0,low
LP001634,Male,No,0,Graduate,No,3317724,5063.0,67.0,360.0,,Rural,n,0,High,1,0,High
LP001636,Male,Yes,0,Graduate,No,3317724,0.0,73.0,180.0,1.0,Semiurban,y,1,low,1,0,mid
LP001637,Male,Yes,1,Graduate,No,3317724,0.0,260.0,360.0,1.0,Semiurban,n,0,low,1,0,mid
LP001639,Female,Yes,0,Graduate,No,3317724,0.0,108.0,360.0,1.0,Semiurban,y,1,low,1,0,mid
LP001640,Male,Yes,0,Graduate,Yes,3317724,4750.0,120.0,360.0,1.0,Semiurban,y,1,low,1,0,mid
LP001641,Male,Yes,1,Graduate,Yes,3317724,0.0,66.0,300.0,0.0,Rural,n,0,low,1,0,low
LP001643,Male,Yes,0,Graduate,No,3317724,2138.0,58.0,360.0,,Rural,y,1,low,1,0,High
LP001644,Uknown,Yes,0,Graduate,Yes,3317724,5296.0,168.0,360.0,1.0,Rural,y,1,High,1,0,mid
LP001647,Male,Yes,0,Graduate,No,3317724,0.0,188.0,180.0,1.0,Rural,y,1,low,1,0,mid
LP001653,Male,No,0,Not Graduate,No,3317724,0.0,48.0,360.0,1.0,Rural,y,1,low,1,0,mid
LP001656,Male,No,0,Graduate,No,3317724,0.0,164.0,360.0,1.0,Semiurban,n,0,low,1,0,mid
LP001657,Male,Yes,0,Not Graduate,No,3317724,0.0,160.0,360.0,1.0,Urban,n,0,low,1,0,mid
LP001658,Male,No,0,Graduate,No,3317724,0.0,76.0,360.0,1.0,Semiurban,y,1,low,1,0,mid
LP001664,Male,No,0,Graduate,No,3317724,0.0,120.0,360.0,1.0,Rural,y,1,low,1,0,mid
LP001665,Male,Yes,1,Graduate,No,3317724,2583.0,170.0,360.0,1.0,Semiurban,n,0,low,1,0,mid
LP001666,Male,No,0,Graduate,No,3317724,3750.0,187.0,360.0,1.0,Rural,y,1,low,1,0,mid
LP001669,Female,No,0,Not Graduate,No,3317724,2365.0,120.0,360.0,1.0,Urban,y,1,low,1,0,mid
LP001671,Female,Yes,0,Graduate,No,3317724,2816.0,113.0,360.0,,Semiurban,y,1,low,1,0,High
LP001673,Male,No,0,Graduate,Yes,3317724,0.0,83.0,360.0,1.0,Urban,n,0,low,1,0,mid
LP001674,Male,Yes,1,Not Graduate,No,3317724,2500.0,90.0,360.0,1.0,Semiurban,y,1,low,1,0,mid
LP001677,Male,No,2,Graduate,No,3317724,0.0,166.0,360.0,0.0,Semiurban,y,1,low,1,0,low
LP001682,Male,Yes,3+,Not Graduate,No,3317724,0.0,128.0,180.0,1.0,Urban,n,0,low,1,0,mid
LP001688,Male,Yes,1,Not Graduate,No,3317724,1083.0,135.0,360.0,1.0,Urban,y,1,low,1,0,mid
LP001691,Male,Yes,2,Not Graduate,No,3317724,0.0,124.0,360.0,1.0,Semiurban,y,1,low,1,0,mid
LP001692,Female,No,0,Not Graduate,No,3317724,0.0,120.0,360.0,1.0,Semiurban,y,1,low,1,0,mid
LP001693,Female,No,0,Graduate,No,3317724,0.0,80.0,360.0,1.0,Urban,y,1,low,1,0,mid
LP001698,Male,No,0,Not Graduate,No,3317724,2531.0,55.0,360.0,1.0,Rural,y,1,low,1,0,mid
LP001699,Male,No,0,Graduate,No,3317724,0.0,59.0,360.0,1.0,Urban,y,1,low,1,0,mid
LP001702,Male,No,0,Graduate,No,3317724,0.0,127.0,360.0,1.0,Semiurban,n,0,low,1,0,mid
LP001708,Female,No,0,Graduate,No,3317724,0.0,214.0,360.0,1.0,Semiurban,n,0,low,1,0,mid
LP001711,Male,Yes,3+,Graduate,No,3317724,1250.0,128.0,360.0,0.0,Semiurban,n,0,low,1,0,low
LP001713,Male,Yes,1,Graduate,Yes,3317724,0.0,240.0,360.0,1.0,Urban,y,1,low,1,0,mid
LP001715,Male,Yes,3+,Not Graduate,Yes,3317724,0.0,130.0,360.0,1.0,Rural,y,1,low,1,0,mid
LP001716,Male,Yes,0,Graduate,No,3317724,3021.0,137.0,360.0,1.0,Urban,y,1,low,1,0,mid
LP001720,Male,Yes,3+,Not Graduate,No,3317724,983.0,100.0,360.0,1.0,Semiurban,y,1,low,1,0,mid
LP001722,Male,Yes,0,Graduate,No,3317724,1800.0,135.0,360.0,1.0,Rural,n,0,low,1,0,mid
LP001726,Male,Yes,0,Graduate,No,3317724,1775.0,131.0,360.0,1.0,Semiurban,y,1,low,1,0,mid
LP001732,Male,Yes,2,Graduate,Uknown,3317724,0.0,72.0,360.0,0.0,Semiurban,n,0,low,1,0,low
LP001734,Female,Yes,2,Graduate,No,3317724,2383.0,127.0,360.0,,Semiurban,y,1,low,1,0,High
LP001736,Male,Yes,0,Graduate,No,3317724,0.0,60.0,360.0,0.0,Urban,n,0,low,1,0,low
LP001743,Male,Yes,2,Graduate,No,3317724,1717.0,116.0,360.0,1.0,Semiurban,y,1,low,1,0,mid
LP001744,Male,No,0,Graduate,No,3317724,2791.0,144.0,360.0,1.0,Semiurban,y,1,low,1,0,mid
LP001749,Male,Yes,0,Graduate,No,3317724,1010.0,175.0,360.0,1.0,Semiurban,y,1,low,1,0,mid
LP001750,Male,Yes,0,Graduate,No,3317724,0.0,128.0,360.0,1.0,Semiurban,y,1,low,1,0,mid
LP001751,Male,Yes,0,Graduate,No,3317724,0.0,170.0,360.0,1.0,Rural,n,0,low,1,0,mid
LP001754,Male,Yes,Uknown,Not Graduate,Yes,3317724,0.0,138.0,360.0,1.0,Urban,n,0,low,1,0,mid
LP001758,Male,Yes,2,Graduate,No,3317724,1695.0,210.0,360.0,1.0,Semiurban,y,1,low,1,0,mid
LP001760,Male,Uknown,Uknown,Graduate,No,3317724,0.0,158.0,480.0,1.0,Semiurban,y,1,low,1,0,mid
LP001761,Male,No,0,Graduate,Yes,3317724,0.0,200.0,360.0,1.0,Rural,y,1,low,1,0,mid
LP001765,Male,Yes,1,Graduate,No,3317724,2054.0,104.0,360.0,1.0,Semiurban,y,1,low,1,0,mid
LP001768,Male,Yes,0,Graduate,Uknown,3317724,0.0,42.0,180.0,1.0,Rural,y,1,low,1,0,mid
LP001770,Male,No,0,Not Graduate,No,3317724,2598.0,120.0,360.0,1.0,Rural,y,1,low,1,0,mid
LP001776,Female,No,0,Graduate,No,3317724,0.0,280.0,360.0,1.0,Semiurban,y,1,low,1,0,mid
LP001778,Male,Yes,1,Graduate,No,3317724,1779.0,140.0,360.0,1.0,Semiurban,y,1,low,1,0,mid
LP001784,Male,Yes,1,Graduate,No,3317724,1260.0,170.0,360.0,1.0,Rural,y,1,low,1,0,mid
LP001786,Male,Yes,0,Graduate,Uknown,3317724,0.0,255.0,360.0,,Urban,n,0,low,1,0,High
LP001788,Female,No,0,Graduate,Yes,3317724,0.0,122.0,360.0,,Urban,y,1,low,1,0,High
LP001790,Female,No,1,Graduate,No,3317724,0.0,112.0,360.0,1.0,Rural,y,1,low,1,0,mid
LP001792,Male,Yes,1,Graduate,No,3317724,0.0,96.0,360.0,1.0,Semiurban,y,1,low,1,0,mid
LP001798,Male,Yes,2,Graduate,No,3317724,5000.0,120.0,360.0,1.0,Rural,y,1,High,1,0,mid
LP001800,Male,Yes,1,Not Graduate,No,3317724,1983.0,140.0,180.0,1.0,Urban,n,0,low,1,0,mid
LP001806,Male,No,0,Graduate,No,3317724,5701.0,155.0,60.0,1.0,Urban,y,1,High,1,0,mid
LP001807,Male,Yes,2,Graduate,Yes,3317724,1300.0,108.0,360.0,1.0,Rural,y,1,low,1,0,mid
LP001811,Male,Yes,0,Not Graduate,No,3317724,4417.0,123.0,360.0,1.0,Semiurban,y,1,low,1,0,mid
LP001813,Male,No,0,Graduate,Yes,3317724,4333.0,120.0,180.0,1.0,Urban,n,0,low,1,0,mid
LP001814,Male,Yes,2,Graduate,No,3317724,0.0,112.0,360.0,1.0,Urban,y,1,low,1,0,mid
LP001819,Male,Yes,1,Not Graduate,No,3317724,0.0,137.0,180.0,1.0,Urban,y,1,low,1,0,mid
LP001824,Male,Yes,1,Graduate,No,3317724,1843.0,123.0,480.0,1.0,Semiurban,y,1,low,1,0,mid
LP001825,Male,Yes,0,Graduate,No,3317724,1868.0,90.0,360.0,1.0,Urban,y,1,low,1,0,mid
LP001835,Male,Yes,0,Not Graduate,No,3317724,3890.0,201.0,360.0,0.0,Semiurban,n,0,low,1,0,low
LP001836,Female,No,2,Graduate,No,3317724,0.0,138.0,360.0,1.0,Urban,n,0,low,1,0,mid
LP001841,Male,No,0,Not Graduate,Yes,3317724,2167.0,104.0,360.0,1.0,Rural,y,1,low,1,0,mid
LP001843,Male,Yes,1,Not Graduate,No,3317724,7101.0,279.0,180.0,1.0,Semiurban,y,1,High,1,0,mid
LP001844,Male,No,0,Graduate,Yes,3317724,0.0,192.0,360.0,0.0,Urban,n,0,low,1,0,low
LP001846,Female,No,3+,Graduate,No,3317724,0.0,255.0,360.0,1.0,Rural,y,1,low,1,0,mid
LP001849,Male,No,0,Not Graduate,No,3317724,0.0,115.0,360.0,0.0,Rural,n,0,low,1,0,low
LP001854,Male,Yes,3+,Graduate,No,3317724,0.0,94.0,360.0,1.0,Urban,n,0,low,1,0,mid
LP001859,Male,Yes,0,Graduate,No,3317724,2100.0,304.0,360.0,1.0,Rural,n,0,low,1,0,mid
LP001864,Male,Yes,3+,Not Graduate,No,3317724,0.0,128.0,360.0,,Semiurban,n,0,low,1,0,High
LP001865,Male,Yes,1,Graduate,No,3317724,4250.0,330.0,360.0,,Urban,y,1,low,1,0,High
LP001868,Male,No,0,Graduate,No,3317724,2209.0,134.0,360.0,1.0,Semiurban,y,1,low,1,0,mid
LP001870,Female,No,1,Graduate,No,3317724,0.0,155.0,36.0,1.0,Semiurban,n,0,low,1,0,mid
LP001871,Female,No,0,Graduate,No,3317724,0.0,120.0,360.0,1.0,Rural,y,1,low,1,0,mid
LP001872,Male,No,0,Graduate,Yes,3317724,0.0,128.0,360.0,1.0,Semiurban,y,1,low,1,0,mid
LP001875,Male,No,0,Graduate,No,3317724,3447.0,151.0,360.0,1.0,Rural,y,1,low,1,0,mid
LP001877,Male,Yes,2,Graduate,No,3317724,1387.0,150.0,360.0,1.0,Semiurban,y,1,low,1,0,mid
LP001882,Male,Yes,3+,Graduate,No,3317724,1811.0,160.0,360.0,0.0,Urban,y,1,low,1,0,low
LP001883,Female,No,0,Graduate,Uknown,3317724,0.0,135.0,360.0,1.0,Rural,n,0,low,1,0,mid
LP001884,Female,No,1,Graduate,No,3317724,1560.0,90.0,360.0,1.0,Urban,y,1,low,1,0,mid
LP001888,Female,No,0,Graduate,No,3317724,0.0,30.0,360.0,1.0,Urban,y,1,low,1,0,mid
LP001891,Male,Yes,0,Graduate,No,3317724,0.0,136.0,360.0,1.0,Urban,y,1,low,1,0,mid
LP001892,Male,No,0,Graduate,No,3317724,1857.0,126.0,360.0,1.0,Rural,y,1,low,1,0,mid
LP001894,Male,Yes,0,Graduate,No,3317724,2223.0,150.0,360.0,1.0,Semiurban,y,1,low,1,0,mid
LP001896,Male,Yes,2,Graduate,No,3317724,0.0,90.0,360.0,1.0,Semiurban,y,1,low,1,0,mid
LP001900,Male,Yes,1,Graduate,No,3317724,1842.0,115.0,360.0,1.0,Semiurban,y,1,low,1,0,mid
LP001903,Male,Yes,0,Graduate,No,3317724,3274.0,207.0,360.0,1.0,Semiurban,y,1,low,1,0,mid
LP001904,Male,Yes,0,Graduate,No,3317724,1300.0,80.0,360.0,1.0,Urban,y,1,low,1,0,mid
LP001907,Male,Yes,0,Graduate,No,3317724,0.0,436.0,360.0,1.0,Semiurban,y,1,low,1,0,mid
LP001908,Female,Yes,0,Not Graduate,No,3317724,0.0,124.0,360.0,,Rural,y,1,low,1,0,High
LP001910,Male,No,1,Not Graduate,Yes,3317724,2426.0,158.0,360.0,0.0,Urban,n,0,low,1,0,low
LP001914,Male,Yes,0,Graduate,No,3317724,800.0,112.0,360.0,1.0,Semiurban,y,1,low,1,0,mid
LP001915,Male,Yes,2,Graduate,No,3317724,985.7999878,78.0,180.0,1.0,Urban,y,1,low,1,0,mid
LP001917,Female,No,0,Graduate,No,3317724,1666.0,54.0,360.0,1.0,Urban,y,1,low,1,0,mid
LP001922,Male,Yes,0,Graduate,No,3317724,0.0,128.0,360.0,1.0,Rural,n,0,low,1,0,mid
LP001924,Male,No,0,Graduate,No,3317724,3053.0,89.0,360.0,1.0,Rural,y,1,low,1,0,mid
LP001925,Female,No,0,Graduate,Yes,3317724,1717.0,99.0,300.0,1.0,Semiurban,n,0,low,1,0,mid
LP001926,Male,Yes,0,Graduate,No,3317724,2000.0,120.0,360.0,1.0,Rural,y,1,low,1,0,mid
LP001931,Female,No,0,Graduate,No,3317724,0.0,115.0,360.0,1.0,Semiurban,y,1,low,1,0,mid
LP001935,Male,No,0,Graduate,No,3317724,0.0,187.0,360.0,1.0,Rural,y,1,low,1,0,mid
LP001936,Male,Yes,0,Graduate,No,3317724,2416.0,139.0,360.0,1.0,Rural,y,1,low,1,0,mid
LP001938,Male,Yes,2,Graduate,No,3317724,0.0,127.0,360.0,0.0,Semiurban,n,0,low,1,0,low
LP001940,Male,Yes,2,Graduate,No,3317724,1560.0,134.0,360.0,1.0,Urban,y,1,low,1,0,mid
LP001945,Female,No,Uknown,Graduate,No,3317724,0.0,143.0,480.0,0.0,Urban,n,0,low,1,0,low
LP001947,Male,Yes,0,Graduate,No,3317724,3334.0,172.0,360.0,1.0,Semiurban,y,1,low,1,0,mid
LP001949,Male,Yes,3+,Graduate,Uknown,3317724,1250.0,110.0,360.0,1.0,Urban,y,1,low,1,0,mid
LP001953,Male,Yes,1,Graduate,No,3317724,0.0,200.0,360.0,1.0,Semiurban,y,1,low,1,0,mid
LP001954,Female,Yes,1,Graduate,No,3317724,0.0,135.0,360.0,1.0,Urban,y,1,low,1,0,mid
LP001955,Female,No,0,Graduate,No,3317724,2541.0,151.0,480.0,1.0,Rural,n,0,low,1,0,mid
LP001963,Male,Yes,1,Graduate,No,3317724,2925.0,113.0,360.0,1.0,Urban,n,0,low,1,0,mid
LP001964,Male,Yes,0,Not Graduate,No,3317724,2934.0,93.0,360.0,0.0,Urban,n,0,low,1,0,low
LP001972,Male,Yes,Uknown,Not Graduate,No,3317724,1750.0,105.0,360.0,1.0,Semiurban,y,1,low,1,0,mid
LP001974,Female,No,0,Graduate,No,3317724,0.0,132.0,360.0,1.0,Rural,y,1,low,1,0,mid
LP001977,Male,Yes,1,Graduate,No,3317724,1803.0,96.0,360.0,1.0,Urban,y,1,low,1,0,mid
LP001978,Male,No,0,Graduate,No,3317724,2500.0,140.0,360.0,1.0,Rural,y,1,low,1,0,mid
LP001990,Male,No,0,Not Graduate,No,3317724,0.0,128.0,360.0,1.0,Urban,n,0,low,1,0,mid
LP001993,Female,No,0,Graduate,No,3317724,1666.0,135.0,360.0,1.0,Rural,y,1,low,1,0,mid
LP001994,Female,No,0,Graduate,No,3317724,1863.0,104.0,360.0,0.0,Urban,n,0,low,1,0,low
LP001996,Male,No,0,Graduate,No,3317724,0.0,480.0,360.0,1.0,Rural,n,0,low,1,0,mid
LP001998,Male,Yes,2,Not Graduate,No,3317724,0.0,185.0,360.0,,Rural,y,1,low,1,0,High
LP002002,Female,No,0,Graduate,No,3317724,0.0,84.0,360.0,1.0,Semiurban,y,1,low,1,0,mid
LP002004,Male,No,0,Not Graduate,No,3317724,2405.0,111.0,360.0,1.0,Semiurban,y,1,low,1,0,mid
LP002006,Female,No,0,Graduate,No,3317724,0.0,56.0,360.0,1.0,Rural,y,1,low,1,0,mid
LP002008,Male,Yes,2,Graduate,Yes,3317724,0.0,144.0,84.0,,Rural,y,1,low,1,0,High
LP002024,Uknown,Yes,0,Graduate,No,3317724,1843.0,159.0,360.0,1.0,Rural,n,0,low,1,0,mid
LP002031,Male,Yes,1,Not Graduate,No,3317724,1640.0,111.0,180.0,1.0,Urban,y,1,low,1,0,mid
LP002035,Male,Yes,2,Graduate,No,3317724,0.0,120.0,360.0,1.0,Semiurban,y,1,low,1,0,mid
LP002036,Male,Yes,0,Graduate,No,3317724,2134.0,88.0,360.0,,Urban,y,1,low,1,0,High
LP002043,Female,No,1,Graduate,No,3317724,0.0,112.0,360.0,,Semiurban,y,1,low,1,0,High
LP002050,Male,Yes,1,Graduate,Yes,3317724,0.0,155.0,360.0,1.0,Rural,n,0,low,1,0,mid
LP002051,Male,Yes,0,Graduate,No,3317724,2167.0,115.0,360.0,1.0,Semiurban,y,1,low,1,0,mid
LP002053,Male,Yes,3+,Graduate,No,3317724,189.0,124.0,360.0,1.0,Semiurban,y,1,low,1,0,mid
LP002054,Male,Yes,2,Not Graduate,No,3317724,1590.0,128.0,360.0,1.0,Rural,y,1,low,1,0,mid
LP002055,Female,No,0,Graduate,No,3317724,2985.0,132.0,360.0,,Rural,y,1,low,1,0,High
LP002065,Male,Yes,3+,Graduate,No,3317724,0.0,300.0,360.0,1.0,Rural,y,1,low,1,0,mid
LP002067,Male,Yes,1,Graduate,Yes,3317724,4983.0,376.0,360.0,0.0,Rural,n,0,low,1,0,low
LP002068,Male,No,0,Graduate,No,3317724,0.0,130.0,360.0,0.0,Rural,y,1,low,1,0,low
LP002082,Male,Yes,0,Graduate,Yes,3317724,2160.0,184.0,360.0,1.0,Semiurban,y,1,low,1,0,mid
LP002086,Female,Yes,0,Graduate,No,3317724,2451.0,110.0,360.0,1.0,Urban,n,0,low,1,0,mid
LP002087,Female,No,0,Graduate,No,3317724,0.0,67.0,360.0,1.0,Urban,y,1,low,1,0,mid
LP002097,Male,No,1,Graduate,No,3317724,1793.0,117.0,360.0,1.0,Urban,y,1,low,1,0,mid
LP002098,Male,No,0,Graduate,No,3317724,0.0,98.0,360.0,1.0,Semiurban,y,1,low,1,0,mid
LP002100,Male,No,Uknown,Graduate,No,3317724,0.0,71.0,360.0,1.0,Urban,y,1,low,1,0,mid
LP002101,Male,Yes,0,Graduate,Uknown,3317724,0.0,490.0,180.0,1.0,Urban,y,1,low,1,0,mid
LP002103,Uknown,Yes,1,Graduate,Yes,3317724,1833.0,182.0,180.0,1.0,Urban,y,1,low,1,0,mid
LP002106,Male,Yes,Uknown,Graduate,Yes,3317724,4490.0,70.0,360.0,1.0,Semiurban,y,1,low,1,0,mid
LP002110,Male,Yes,1,Graduate,Uknown,3317724,688.0,160.0,360.0,1.0,Rural,y,1,low,1,0,mid
LP002112,Male,Yes,2,Graduate,Yes,3317724,4600.0,176.0,360.0,1.0,Rural,y,1,low,1,0,mid
LP002113,Female,No,3+,Not Graduate,No,3317724,0.0,128.0,360.0,0.0,Urban,n,0,low,1,0,low
LP002114,Female,No,0,Graduate,No,3317724,0.0,71.0,360.0,1.0,Semiurban,y,1,low,1,0,mid
LP002115,Male,Yes,3+,Not Graduate,No,3317724,1587.0,173.0,360.0,1.0,Rural,n,0,low,1,0,mid
LP002116,Female,No,0,Graduate,No,3317724,0.0,46.0,360.0,1.0,Rural,n,0,low,1,0,mid
LP002119,Male,Yes,1,Not Graduate,No,3317724,1229.0,158.0,360.0,1.0,Urban,y,1,low,1,0,mid
LP002126,Male,Yes,3+,Not Graduate,No,3317724,0.0,74.0,360.0,1.0,Semiurban,y,1,low,1,0,mid
LP002128,Male,Yes,2,Graduate,Uknown,3317724,2330.0,125.0,360.0,1.0,Rural,y,1,low,1,0,mid
LP002129,Male,Yes,0,Graduate,No,3317724,2458.0,160.0,360.0,1.0,Semiurban,y,1,low,1,0,mid
LP002130,Male,Yes,Uknown,Not Graduate,No,3317724,3230.0,152.0,360.0,0.0,Rural,n,0,low,1,0,low
LP002131,Male,Yes,2,Not Graduate,No,3317724,2168.0,126.0,360.0,1.0,Urban,y,1,low,1,0,mid
LP002137,Male,Yes,0,Graduate,No,3317724,4583.0,259.0,360.0,,Semiurban,y,1,low,1,0,High
LP002138,Male,Yes,0,Graduate,No,3317724,6250.0,187.0,360.0,1.0,Rural,y,1,High,1,0,mid
LP002139,Male,Yes,0,Graduate,No,3317724,0.0,228.0,360.0,1.0,Semiurban,y,1,low,1,0,mid
LP002140,Male,No,0,Graduate,No,3317724,4167.0,308.0,360.0,1.0,Rural,n,0,low,1,0,mid
LP002141,Male,Yes,3+,Graduate,No,3317724,2083.0,95.0,360.0,1.0,Rural,y,1,low,1,0,mid
LP002142,Female,Yes,0,Graduate,Yes,3317724,0.0,105.0,360.0,0.0,Rural,n,0,low,1,0,low
LP002143,Female,Yes,0,Graduate,No,3317724,505.0,130.0,360.0,1.0,Semiurban,y,1,low,1,0,mid
LP002144,Female,No,Uknown,Graduate,No,3317724,0.0,116.0,180.0,1.0,Urban,y,1,low,1,0,mid
LP002149,Male,Yes,2,Graduate,No,3317724,3167.0,165.0,360.0,1.0,Rural,y,1,low,1,0,mid
LP002151,Male,Yes,1,Graduate,No,3317724,0.0,67.0,360.0,1.0,Urban,n,0,low,1,0,mid
LP002158,Male,Yes,0,Not Graduate,No,3317724,1666.0,100.0,480.0,0.0,Urban,n,0,low,1,0,low
LP002160,Male,Yes,3+,Graduate,No,3317724,3167.0,200.0,360.0,1.0,Semiurban,y,1,low,1,0,mid
LP002161,Female,No,1,Graduate,No,3317724,0.0,81.0,360.0,1.0,Semiurban,n,0,low,1,0,mid
LP002170,Male,Yes,2,Graduate,No,3317724,3667.0,236.0,360.0,1.0,Semiurban,y,1,low,1,0,mid
LP002175,Male,Yes,0,Graduate,No,3317724,2333.0,130.0,360.0,1.0,Urban,y,1,low,1,0,mid
LP002178,Male,Yes,0,Graduate,No,3317724,3033.0,95.0,300.0,,Urban,y,1,low,1,0,High
LP002180,Male,No,0,Graduate,Yes,3317724,0.0,141.0,360.0,1.0,Rural,y,1,low,1,0,mid
LP002181,Male,No,0,Not Graduate,No,3317724,0.0,133.0,360.0,1.0,Rural,n,0,low,1,0,mid
LP002187,Male,No,0,Graduate,No,3317724,0.0,96.0,480.0,1.0,Semiurban,n,0,low,1,0,mid
LP002188,Male,No,0,Graduate,No,3317724,0.0,124.0,360.0,0.0,Rural,n,0,low,1,0,low
LP002190,Male,Yes,1,Graduate,No,3317724,0.0,175.0,360.0,1.0,Semiurban,y,1,low,1,0,mid
LP002191,Male,Yes,0,Graduate,No,3317724,5266.0,570.0,360.0,1.0,Rural,n,0,High,1,0,mid
LP002194,Female,No,0,Graduate,Yes,3317724,0.0,55.0,360.0,1.0,Semiurban,y,1,low,1,0,mid
LP002197,Male,Yes,2,Graduate,No,3317724,0.0,155.0,360.0,1.0,Semiurban,y,1,low,1,0,mid
LP002201,Male,Yes,2,Graduate,Yes,3317724,7873.0,380.0,300.0,1.0,Rural,y,1,High,1,0,mid
LP002205,Male,No,1,Graduate,No,3317724,1987.0,111.0,180.0,0.0,Urban,n,0,low,1,0,low
LP002209,Female,No,0,Graduate,Uknown,3317724,1459.0,110.0,360.0,1.0,Urban,y,1,low,1,0,mid
LP002211,Male,Yes,0,Graduate,No,3317724,923.0,120.0,180.0,1.0,Urban,y,1,low,1,0,mid
LP002219,Male,Yes,3+,Graduate,No,3317724,4996.0,130.0,360.0,1.0,Rural,y,1,low,1,0,mid
LP002223,Male,Yes,0,Graduate,No,3317724,0.0,130.0,360.0,,Semiurban,y,1,low,1,0,High
LP002224,Male,No,0,Graduate,No,3317724,0.0,71.0,480.0,1.0,Urban,n,0,low,1,0,mid
LP002225,Male,Yes,2,Graduate,No,3317724,0.0,130.0,360.0,1.0,Urban,y,1,low,1,0,mid
LP002226,Male,Yes,0,Graduate,Uknown,3317724,2500.0,128.0,360.0,1.0,Semiurban,y,1,low,1,0,mid
LP002229,Male,No,0,Graduate,No,3317724,4232.0,296.0,360.0,1.0,Semiurban,y,1,low,1,0,mid
LP002231,Female,No,0,Graduate,No,3317724,0.0,156.0,360.0,1.0,Urban,y,1,low,1,0,mid
LP002234,Male,No,0,Graduate,Yes,3317724,0.0,128.0,360.0,1.0,Urban,y,1,low,1,0,mid
LP002236,Male,Yes,2,Graduate,No,3317724,0.0,100.0,360.0,1.0,Urban,n,0,low,1,0,mid
LP002237,Male,No,1,Graduate,Uknown,3317724,0.0,113.0,180.0,1.0,Urban,y,1,low,1,0,mid
LP002239,Male,No,0,Not Graduate,No,3317724,1600.0,132.0,360.0,1.0,Semiurban,y,1,low,1,0,mid
LP002243,Male,Yes,0,Not Graduate,No,3317724,3136.0,128.0,360.0,0.0,Urban,n,0,low,1,0,low
LP002244,Male,Yes,0,Graduate,No,3317724,2417.0,136.0,360.0,1.0,Urban,y,1,low,1,0,mid
LP002250,Male,Yes,0,Graduate,No,3317724,0.0,125.0,360.0,1.0,Rural,y,1,low,1,0,mid
LP002255,Male,No,3+,Graduate,No,3317724,0.0,185.0,360.0,1.0,Rural,y,1,low,1,0,mid
LP002262,Male,Yes,3+,Graduate,No,3317724,0.0,275.0,360.0,1.0,Rural,y,1,low,1,0,mid
LP002263,Male,Yes,0,Graduate,No,3317724,2115.0,120.0,360.0,,Urban,y,1,low,1,0,High
LP002265,Male,Yes,2,Not Graduate,No,3317724,1625.0,113.0,180.0,1.0,Semiurban,y,1,low,1,0,mid
LP002266,Male,Yes,2,Graduate,No,3317724,1400.0,113.0,360.0,1.0,Urban,y,1,low,1,0,mid
LP002272,Male,Yes,2,Graduate,No,3317724,484.0,135.0,360.0,,Semiurban,y,1,low,1,0,High
LP002277,Female,No,0,Graduate,No,3317724,0.0,71.0,360.0,0.0,Urban,n,0,low,1,0,low
LP002281,Male,Yes,0,Graduate,No,3317724,1459.0,95.0,360.0,1.0,Urban,y,1,low,1,0,mid
LP002284,Male,No,0,Not Graduate,No,3317724,1666.0,109.0,360.0,1.0,Rural,y,1,low,1,0,mid
LP002287,Female,No,0,Graduate,No,3317724,1800.0,103.0,360.0,0.0,Semiurban,n,0,low,1,0,low
LP002288,Male,Yes,2,Not Graduate,No,3317724,0.0,45.0,180.0,0.0,Urban,n,0,low,1,0,low
LP002296,Male,No,0,Not Graduate,No,3317724,0.0,65.0,300.0,1.0,Rural,n,0,low,1,0,mid
LP002297,Male,No,0,Graduate,No,3317724,20000.0,103.0,360.0,1.0,Semiurban,y,1,High,1,0,mid
LP002300,Female,No,0,Not Graduate,No,3317724,0.0,53.0,360.0,1.0,Semiurban,y,1,low,1,0,mid
LP002301,Female,No,0,Graduate,Yes,3317724,0.0,194.0,360.0,1.0,Rural,n,0,low,1,0,mid
LP002305,Female,No,0,Graduate,No,3317724,0.0,115.0,360.0,1.0,Semiurban,y,1,low,1,0,mid
LP002308,Male,Yes,0,Not Graduate,No,3317724,2400.0,115.0,360.0,1.0,Urban,y,1,low,1,0,mid
LP002314,Female,No,0,Not Graduate,No,3317724,0.0,66.0,360.0,1.0,Rural,y,1,low,1,0,mid
LP002315,Male,Yes,1,Graduate,No,3317724,0.0,152.0,300.0,0.0,Semiurban,n,0,low,1,0,low
LP002317,Male,Yes,3+,Graduate,No,3317724,0.0,360.0,360.0,0.0,Rural,n,0,low,1,0,low
LP002318,Female,No,1,Not Graduate,Yes,3317724,0.0,62.0,360.0,1.0,Semiurban,n,0,low,1,0,mid
LP002319,Male,Yes,0,Graduate,Uknown,3317724,0.0,160.0,360.0,,Urban,y,1,low,1,0,High
LP002328,Male,Yes,0,Not Graduate,No,3317724,0.0,218.0,360.0,0.0,Rural,n,0,low,1,0,low
LP002332,Male,Yes,0,Not Graduate,No,3317724,2033.0,110.0,360.0,1.0,Rural,y,1,low,1,0,mid
LP002335,Female,Yes,0,Not Graduate,No,3317724,3237.0,178.0,360.0,0.0,Semiurban,n,0,low,1,0,low
LP002337,Female,No,0,Graduate,No,3317724,0.0,60.0,360.0,1.0,Urban,y,1,low,1,0,mid
LP002341,Female,No,1,Graduate,No,3317724,0.0,160.0,360.0,1.0,Urban,n,0,low,1,0,mid
LP002342,Male,Yes,2,Graduate,Yes,3317724,20000.0,239.0,360.0,1.0,Urban,n,0,High,1,0,mid
LP002345,Male,Yes,0,Graduate,No,3317724,2773.0,112.0,360.0,1.0,Rural,y,1,low,1,0,mid
LP002347,Male,Yes,0,Graduate,No,3317724,1417.0,138.0,360.0,1.0,Semiurban,y,1,low,1,0,mid
LP002348,Male,Yes,0,Graduate,No,3317724,0.0,138.0,360.0,1.0,Rural,y,1,low,1,0,mid
LP002357,Female,No,0,Not Graduate,No,3317724,0.0,80.0,360.0,0.0,Urban,n,0,low,1,0,low
LP002361,Male,Yes,0,Graduate,No,3317724,1719.0,100.0,360.0,1.0,Urban,y,1,low,1,0,mid
LP002362,Male,Yes,1,Graduate,No,3317724,1667.0,110.0,360.0,0.0,Urban,n,0,low,1,0,low
LP002364,Male,Yes,0,Graduate,No,3317724,0.0,96.0,360.0,1.0,Semiurban,y,1,low,1,0,mid
LP002366,Male,Yes,0,Graduate,No,3317724,4300.0,121.0,360.0,1.0,Rural,y,1,low,1,0,mid
LP002367,Female,No,1,Not Graduate,No,3317724,0.0,81.0,360.0,1.0,Rural,n,0,low,1,0,mid
LP002368,Male,Yes,2,Graduate,No,3317724,0.0,133.0,360.0,1.0,Semiurban,y,1,low,1,0,mid
LP002369,Male,Yes,0,Graduate,No,3317724,16.12000084,87.0,360.0,1.0,Rural,y,1,low,1,0,mid
LP002370,Male,No,0,Not Graduate,No,3317724,0.0,60.0,180.0,1.0,Urban,y,1,low,1,0,mid
LP002377,Female,No,1,Graduate,Yes,3317724,0.0,150.0,360.0,1.0,Semiurban,y,1,low,1,0,mid
LP002379,Male,No,0,Graduate,No,3317724,0.0,105.0,360.0,0.0,Rural,n,0,low,1,0,low
LP002386,Male,No,0,Graduate,Uknown,3317724,0.0,405.0,360.0,1.0,Semiurban,y,1,low,1,0,mid
LP002387,Male,Yes,0,Graduate,No,3317724,2340.0,143.0,360.0,1.0,Semiurban,y,1,low,1,0,mid
LP002390,Male,No,0,Graduate,No,3317724,0.0,100.0,360.0,1.0,Urban,y,1,low,1,0,mid
LP002393,Female,Uknown,Uknown,Graduate,No,3317724,0.0,128.0,240.0,1.0,Semiurban,y,1,low,1,0,mid
LP002398,Male,No,0,Graduate,No,3317724,1851.0,50.0,360.0,1.0,Semiurban,y,1,low,1,0,mid
LP002401,Male,Yes,0,Graduate,No,3317724,1125.0,128.0,360.0,1.0,Urban,y,1,low,1,0,mid
LP002403,Male,No,0,Graduate,Yes,3317724,0.0,187.0,360.0,0.0,Urban,n,0,low,1,0,low
LP002407,Female,Yes,0,Not Graduate,Yes,3317724,0.0,138.0,360.0,1.0,Rural,y,1,low,1,0,mid
LP002408,Male,No,0,Graduate,No,3317724,5064.0,187.0,360.0,1.0,Semiurban,y,1,High,1,0,mid
LP002409,Male,Yes,0,Graduate,No,3317724,1833.0,180.0,360.0,1.0,Rural,y,1,low,1,0,mid
LP002418,Male,No,3+,Not Graduate,No,3317724,1993.0,148.0,360.0,1.0,Semiurban,y,1,low,1,0,mid
LP002422,Male,No,1,Graduate,No,3317724,0.0,152.0,360.0,1.0,Semiurban,y,1,low,1,0,mid
LP002424,Male,Yes,0,Graduate,No,3317724,8333.0,175.0,300.0,,Rural,y,1,High,1,0,High
LP002429,Male,Yes,1,Graduate,Yes,3317724,1210.0,130.0,360.0,1.0,Rural,y,1,low,1,0,mid
LP002434,Male,Yes,2,Not Graduate,No,3317724,0.0,110.0,360.0,1.0,Rural,y,1,low,1,0,mid
LP002435,Male,Yes,0,Graduate,Uknown,3317724,1376.0,55.0,360.0,1.0,Rural,n,0,low,1,0,mid
LP002443,Male,Yes,2,Graduate,No,3317724,1710.0,150.0,360.0,0.0,Rural,n,0,low,1,0,low
LP002444,Male,No,1,Not Graduate,Yes,3317724,1542.0,190.0,360.0,,Semiurban,n,0,low,1,0,High
LP002446,Male,Yes,2,Not Graduate,No,3317724,1255.0,125.0,360.0,0.0,Rural,n,0,low,1,0,low
LP002447,Male,Yes,2,Not Graduate,No,3317724,1456.0,60.0,300.0,,Urban,y,1,low,1,0,High
LP002448,Male,Yes,0,Graduate,No,3317724,1733.0,149.0,360.0,0.0,Rural,n,0,low,1,0,low
LP002449,Male,Yes,0,Graduate,No,3317724,2466.0,90.0,180.0,0.0,Rural,y,1,low,1,0,low
LP002453,Male,No,0,Graduate,Yes,3317724,0.0,84.0,360.0,1.0,Semiurban,y,1,low,1,0,mid
LP002455,Male,Yes,2,Graduate,No,3317724,0.0,96.0,360.0,1.0,Semiurban,y,1,low,1,0,mid
LP002459,Male,Yes,0,Graduate,No,3317724,0.0,118.0,360.0,1.0,Urban,y,1,low,1,0,mid
LP002467,Male,Yes,0,Graduate,No,3317724,2569.0,173.0,360.0,1.0,Urban,n,0,low,1,0,mid
LP002472,Male,No,2,Graduate,No,3317724,0.0,136.0,360.0,1.0,Rural,y,1,low,1,0,mid
LP002473,Male,Yes,0,Graduate,No,3317724,0.0,160.0,360.0,1.0,Semiurban,n,0,low,1,0,mid
LP002478,Uknown,Yes,0,Graduate,Yes,3317724,4083.0,160.0,360.0,,Semiurban,y,1,low,1,0,High
LP002484,Male,Yes,3+,Graduate,No,3317724,0.0,128.0,180.0,1.0,Urban,y,1,low,1,0,mid
LP002487,Male,Yes,0,Graduate,No,3317724,2188.0,153.0,360.0,1.0,Rural,y,1,low,1,0,mid
LP002489,Female,No,1,Not Graduate,Uknown,3317724,0.0,132.0,360.0,1.0,Semiurban,y,1,low,1,0,mid
LP002493,Male,No,0,Graduate,No,3317724,0.0,98.0,360.0,0.0,Semiurban,n,0,low,1,0,low
LP002494,Male,No,0,Graduate,No,3317724,0.0,140.0,360.0,1.0,Rural,y,1,low,1,0,mid
LP002500,Male,Yes,3+,Not Graduate,No,3317724,1664.0,70.0,180.0,0.0,Urban,n,0,low,1,0,low
LP002501,Uknown,Yes,0,Graduate,No,3317724,0.0,110.0,360.0,1.0,Semiurban,y,1,low,1,0,mid
LP002502,Female,Yes,2,Not Graduate,Uknown,3317724,2917.0,98.0,360.0,1.0,Semiurban,y,1,low,1,0,mid
LP002505,Male,Yes,0,Graduate,No,3317724,2451.0,110.0,360.0,1.0,Urban,n,0,low,1,0,mid
LP002515,Male,Yes,1,Graduate,Yes,3317724,2079.0,162.0,360.0,1.0,Semiurban,y,1,low,1,0,mid
LP002517,Male,Yes,1,Not Graduate,No,3317724,1500.0,113.0,180.0,0.0,Rural,n,0,low,1,0,low
LP002519,Male,Yes,3+,Graduate,No,3317724,0.0,100.0,360.0,1.0,Semiurban,y,1,low,1,0,mid
LP002522,Female,No,0,Graduate,Yes,3317724,0.0,93.0,360.0,,Urban,y,1,low,1,0,High
LP002524,Male,No,2,Graduate,No,3317724,4648.0,162.0,360.0,1.0,Rural,y,1,low,1,0,mid
LP002527,Male,Yes,2,Graduate,Yes,3317724,1014.0,150.0,360.0,1.0,Rural,y,1,low,1,0,mid
LP002529,Male,Yes,2,Graduate,No,3317724,1750.0,230.0,300.0,1.0,Semiurban,y,1,low,1,0,mid
LP002530,Uknown,Yes,2,Graduate,No,3317724,1872.0,132.0,360.0,0.0,Semiurban,n,0,low,1,0,low
LP002531,Male,Yes,1,Graduate,Yes,3317724,2250.0,86.0,360.0,1.0,Semiurban,y,1,low,1,0,mid
LP002533,Male,Yes,2,Graduate,No,3317724,1603.0,128.0,360.0,1.0,Urban,n,0,low,1,0,mid
LP002534,Female,No,0,Not Graduate,No,3317724,0.0,154.0,360.0,1.0,Rural,y,1,low,1,0,mid
LP002536,Male,Yes,3+,Not Graduate,No,3317724,0.0,113.0,360.0,1.0,Rural,y,1,low,1,0,mid
LP002537,Male,Yes,0,Graduate,No,3317724,3150.0,128.0,360.0,1.0,Semiurban,y,1,low,1,0,mid
LP002541,Male,Yes,0,Graduate,No,3317724,0.0,234.0,360.0,1.0,Semiurban,y,1,low,1,0,mid
LP002543,Male,Yes,2,Graduate,No,3317724,0.0,246.0,360.0,1.0,Semiurban,y,1,low,1,0,mid
LP002544,Male,Yes,1,Not Graduate,No,3317724,2436.0,131.0,360.0,1.0,Rural,y,1,low,1,0,mid
LP002545,Male,No,2,Graduate,No,3317724,0.0,80.0,360.0,0.0,Rural,n,0,low,1,0,low
LP002547,Male,Yes,1,Graduate,No,3317724,0.0,500.0,360.0,1.0,Urban,n,0,low,1,0,mid
LP002555,Male,Yes,2,Graduate,Yes,3317724,2083.0,160.0,360.0,1.0,Semiurban,y,1,low,1,0,mid
LP002556,Male,No,0,Graduate,No,3317724,0.0,75.0,360.0,1.0,Urban,n,0,low,1,0,mid
LP002560,Male,No,0,Not Graduate,No,3317724,2785.0,96.0,360.0,,Semiurban,y,1,low,1,0,High
LP002562,Male,Yes,1,Not Graduate,No,3317724,1131.0,186.0,360.0,,Urban,y,1,low,1,0,High
LP002571,Male,No,0,Not Graduate,No,3317724,0.0,110.0,360.0,1.0,Rural,y,1,low,1,0,mid
LP002582,Female,No,0,Not Graduate,Yes,3317724,0.0,225.0,360.0,1.0,Semiurban,y,1,low,1,0,mid
LP002585,Male,Yes,0,Graduate,No,3317724,2157.0,119.0,360.0,0.0,Rural,n,0,low,1,0,low
LP002586,Female,Yes,1,Graduate,No,3317724,913.0,105.0,84.0,1.0,Semiurban,y,1,low,1,0,mid
LP002587,Male,Yes,0,Not Graduate,No,3317724,1700.0,107.0,360.0,1.0,Rural,y,1,low,1,0,mid
LP002588,Male,Yes,0,Graduate,No,3317724,2857.0,111.0,12.0,,Urban,y,1,low,1,0,High
LP002600,Male,Yes,1,Graduate,Yes,3317724,0.0,95.0,360.0,1.0,Semiurban,y,1,low,1,0,mid
LP002602,Male,No,0,Graduate,No,3317724,4416.0,209.0,360.0,0.0,Rural,n,0,low,1,0,low
LP002603,Female,No,0,Graduate,No,3317724,3683.0,113.0,480.0,1.0,Rural,y,1,low,1,0,mid
LP002606,Female,No,0,Graduate,No,3317724,0.0,100.0,360.0,1.0,Semiurban,y,1,low,1,0,mid
LP002615,Male,Yes,2,Graduate,No,3317724,5624.0,208.0,360.0,1.0,Semiurban,y,1,High,1,0,mid
LP002618,Male,Yes,1,Not Graduate,No,3317724,5302.0,138.0,360.0,,Rural,n,0,High,1,0,High
LP002619,Male,Yes,0,Not Graduate,No,3317724,1483.0,124.0,300.0,1.0,Semiurban,y,1,low,1,0,mid
LP002622,Male,Yes,2,Graduate,No,3317724,4416.0,243.0,360.0,1.0,Rural,y,1,low,1,0,mid
LP002624,Male,Yes,0,Graduate,No,3317724,6667.0,480.0,360.0,,Urban,y,1,High,1,0,High
LP002625,Uknown,No,0,Graduate,No,3317724,0.0,96.0,360.0,1.0,Urban,n,0,low,1,0,mid
LP002626,Male,Yes,0,Graduate,Yes,3317724,3013.0,188.0,360.0,1.0,Urban,y,1,low,1,0,mid
LP002634,Female,No,1,Graduate,No,3317724,0.0,40.0,360.0,1.0,Urban,y,1,low,1,0,mid
LP002637,Male,No,0,Not Graduate,No,3317724,1287.0,100.0,360.0,1.0,Rural,n,0,low,1,0,mid
LP002640,Male,Yes,1,Graduate,No,3317724,2004.0,250.0,360.0,1.0,Semiurban,y,1,low,1,0,mid
LP002643,Male,Yes,2,Graduate,No,3317724,2035.0,148.0,360.0,1.0,Urban,y,1,low,1,0,mid
LP002648,Male,Yes,0,Graduate,No,3317724,6666.0,70.0,180.0,1.0,Semiurban,n,0,High,1,0,mid
LP002652,Male,No,0,Graduate,No,3317724,3666.0,311.0,360.0,1.0,Rural,n,0,low,1,0,mid
LP002659,Male,Yes,3+,Graduate,No,3317724,3428.0,150.0,360.0,1.0,Rural,y,1,low,1,0,mid
LP002670,Female,Yes,2,Graduate,No,3317724,1632.0,113.0,480.0,1.0,Semiurban,y,1,low,1,0,mid
LP002682,Male,Yes,Uknown,Not Graduate,No,3317724,1800.0,123.0,360.0,0.0,Semiurban,n,0,low,1,0,low
LP002683,Male,No,0,Graduate,No,3317724,1915.0,185.0,360.0,1.0,Semiurban,n,0,low,1,0,mid
LP002684,Female,No,0,Not Graduate,No,3317724,0.0,95.0,360.0,1.0,Rural,n,0,low,1,0,mid
LP002689,Male,Yes,2,Not Graduate,No,3317724,1742.0,45.0,360.0,1.0,Semiurban,y,1,low,1,0,mid
LP002690,Male,No,0,Graduate,No,3317724,0.0,55.0,360.0,1.0,Semiurban,y,1,low,1,0,mid
LP002692,Male,Yes,3+,Graduate,Yes,3317724,1424.0,100.0,360.0,1.0,Rural,y,1,low,1,0,mid
LP002693,Male,Yes,2,Graduate,Yes,3317724,7166.0,480.0,360.0,1.0,Rural,y,1,High,1,0,mid
LP002697,Male,No,0,Graduate,No,3317724,2087.0,128.0,360.0,1.0,Semiurban,n,0,low,1,0,mid
LP002699,Male,Yes,2,Graduate,Yes,3317724,0.0,400.0,360.0,1.0,Rural,y,1,low,1,0,mid
LP002705,Male,Yes,0,Graduate,No,3317724,0.0,110.0,360.0,1.0,Semiurban,y,1,low,1,0,mid
LP002706,Male,Yes,1,Not Graduate,No,3317724,1430.0,161.0,360.0,0.0,Semiurban,y,1,low,1,0,low
LP002714,Male,No,1,Not Graduate,No,3317724,1302.0,94.0,360.0,1.0,Semiurban,y,1,low,1,0,mid
LP002716,Male,No,0,Not Graduate,No,3317724,0.0,130.0,360.0,1.0,Semiurban,y,1,low,1,0,mid
LP002717,Male,Yes,0,Graduate,No,3317724,5500.0,216.0,360.0,,Rural,y,1,High,1,0,High
LP002720,Male,Yes,3+,Graduate,No,3317724,0.0,100.0,360.0,1.0,Urban,y,1,low,1,0,mid
LP002723,Male,No,2,Graduate,No,3317724,0.0,110.0,360.0,0.0,Rural,n,0,low,1,0,low
LP002729,Male,No,1,Graduate,No,3317724,0.0,196.0,360.0,,Semiurban,n,0,low,1,0,High
LP002731,Female,No,0,Not Graduate,Yes,3317724,0.0,125.0,360.0,1.0,Urban,y,1,low,1,0,mid
LP002732,Male,No,0,Not Graduate,Uknown,3317724,2042.0,126.0,360.0,1.0,Rural,y,1,low,1,0,mid
LP002734,Male,Yes,0,Graduate,No,3317724,3906.0,324.0,360.0,1.0,Urban,y,1,low,1,0,mid
LP002738,Male,No,2,Graduate,No,3317724,0.0,107.0,360.0,1.0,Semiurban,y,1,low,1,0,mid
LP002739,Male,Yes,0,Not Graduate,No,3317724,536.0,66.0,360.0,1.0,Rural,n,0,low,1,0,mid
LP002740,Male,Yes,3+,Graduate,No,3317724,0.0,157.0,180.0,1.0,Rural,y,1,low,1,0,mid
LP002741,Female,Yes,1,Graduate,No,3317724,2845.0,140.0,180.0,1.0,Semiurban,y,1,low,1,0,mid
LP002743,Female,No,0,Graduate,No,3317724,0.0,99.0,360.0,0.0,Semiurban,n,0,low,1,0,low
LP002753,Female,No,1,Graduate,Uknown,3317724,0.0,95.0,360.0,1.0,Semiurban,y,1,low,1,0,mid
LP002755,Male,Yes,1,Not Graduate,No,3317724,2524.0,128.0,360.0,1.0,Urban,y,1,low,1,0,mid
LP002757,Female,Yes,0,Not Graduate,No,3317724,663.0,102.0,360.0,,Semiurban,y,1,low,1,0,High
LP002767,Male,Yes,0,Graduate,No,3317724,1950.0,155.0,360.0,1.0,Rural,y,1,low,1,0,mid
LP002768,Male,No,0,Not Graduate,No,3317724,0.0,80.0,36.0,1.0,Semiurban,n,0,low,1,0,mid
LP002772,Male,No,0,Graduate,No,3317724,1783.0,145.0,360.0,1.0,Rural,y,1,low,1,0,mid
LP002776,Female,No,0,Graduate,No,3317724,0.0,103.0,360.0,0.0,Semiurban,n,0,low,1,0,low
LP002777,Male,Yes,0,Graduate,No,3317724,2016.0,110.0,360.0,1.0,Rural,y,1,low,1,0,mid
LP002778,Male,Yes,2,Graduate,Yes,3317724,0.0,128.0,360.0,0.0,Rural,n,0,low,1,0,low
LP002784,Male,Yes,1,Not Graduate,No,3317724,2375.0,128.0,360.0,1.0,Rural,y,1,low,1,0,mid
LP002785,Male,Yes,1,Graduate,No,3317724,3250.0,158.0,360.0,1.0,Urban,y,1,low,1,0,mid
LP002788,Male,Yes,0,Not Graduate,No,3317724,2333.0,181.0,360.0,0.0,Urban,n,0,low,1,0,low
LP002789,Male,Yes,0,Graduate,No,3317724,4266.0,132.0,180.0,0.0,Rural,n,0,low,1,0,low
LP002792,Male,Yes,1,Graduate,No,3317724,1032.0,26.0,360.0,1.0,Semiurban,y,1,low,1,0,mid
LP002794,Female,No,0,Graduate,No,3317724,1625.0,84.0,360.0,,Urban,y,1,low,1,0,High
LP002795,Male,Yes,3+,Graduate,Yes,3317724,0.0,260.0,360.0,1.0,Semiurban,y,1,low,1,0,mid
LP002798,Male,Yes,0,Graduate,No,3317724,2669.0,162.0,360.0,1.0,Semiurban,y,1,low,1,0,mid
LP002804,Female,Yes,0,Graduate,No,3317724,2306.0,182.0,360.0,1.0,Semiurban,y,1,low,1,0,mid
LP002807,Male,Yes,2,Not Graduate,No,3317724,242.0,108.0,360.0,1.0,Semiurban,y,1,low,1,0,mid
LP002813,Female,Yes,1,Graduate,Yes,3317724,0.0,600.0,360.0,1.0,Semiurban,y,1,low,1,0,mid
LP002820,Male,Yes,0,Graduate,No,3317724,2054.0,211.0,360.0,1.0,Rural,y,1,low,1,0,mid
LP002821,Male,No,0,Not Graduate,Yes,3317724,0.0,132.0,360.0,1.0,Semiurban,y,1,low,1,0,mid
LP002832,Male,Yes,2,Graduate,No,3317724,0.0,258.0,360.0,0.0,Urban,n,0,low,1,0,low
LP002833,Male,Yes,0,Not Graduate,No,3317724,0.0,120.0,360.0,,Rural,y,1,low,1,0,High
LP002836,Male,No,0,Graduate,No,3317724,0.0,70.0,360.0,1.0,Urban,y,1,low,1,0,mid
LP002837,Male,Yes,3+,Graduate,No,3317724,2500.0,123.0,360.0,0.0,Rural,n,0,low,1,0,low
LP002840,Female,No,0,Graduate,No,3317724,0.0,9.0,360.0,1.0,Urban,n,0,low,1,0,mid
LP002841,Male,Yes,0,Graduate,No,3317724,2064.0,104.0,360.0,0.0,Urban,n,0,low,1,0,low
LP002842,Male,Yes,1,Graduate,No,3317724,1750.0,186.0,360.0,1.0,Urban,y,1,low,1,0,mid
LP002847,Male,Yes,Uknown,Graduate,No,3317724,1451.0,165.0,360.0,0.0,Urban,n,0,low,1,0,low
LP002855,Male,Yes,2,Graduate,No,3317724,0.0,275.0,360.0,1.0,Urban,y,1,low,1,0,mid
LP002862,Male,Yes,2,Not Graduate,No,3317724,1625.0,187.0,480.0,1.0,Semiurban,n,0,low,1,0,mid
LP002863,Male,Yes,3+,Graduate,No,3317724,0.0,150.0,360.0,1.0,Semiurban,n,0,low,1,0,mid
LP002868,Male,Yes,2,Graduate,No,3317724,461.0,108.0,84.0,1.0,Urban,y,1,low,1,0,mid
LP002872,Uknown,Yes,0,Graduate,No,3317724,2210.0,136.0,360.0,0.0,Semiurban,n,0,low,1,0,low
LP002874,Male,No,0,Graduate,No,3317724,2739.0,110.0,360.0,1.0,Urban,y,1,low,1,0,mid
LP002877,Male,Yes,1,Graduate,No,3317724,2232.0,107.0,360.0,1.0,Rural,y,1,low,1,0,mid
LP002888,Male,No,0,Graduate,Uknown,3317724,2917.0,161.0,360.0,1.0,Urban,y,1,low,1,0,mid
LP002892,Male,Yes,2,Graduate,No,3317724,0.0,205.0,360.0,1.0,Semiurban,y,1,low,1,0,mid
LP002893,Male,No,0,Graduate,No,3317724,33837.0,90.0,360.0,1.0,Urban,n,0,High,1,0,mid
LP002894,Female,Yes,0,Graduate,No,3317724,0.0,36.0,360.0,1.0,Semiurban,y,1,low,1,0,mid
LP002898,Male,Yes,1,Graduate,No,3317724,0.0,61.0,360.0,,Rural,n,0,low,1,0,High
LP002911,Male,Yes,1,Graduate,No,3317724,1917.0,146.0,360.0,0.0,Rural,n,0,low,1,0,low
LP002912,Male,Yes,1,Graduate,No,3317724,3000.0,172.0,84.0,1.0,Rural,n,0,low,1,0,mid
LP002916,Male,Yes,0,Graduate,No,3317724,1522.0,104.0,360.0,1.0,Urban,y,1,low,1,0,mid
LP002917,Female,No,0,Not Graduate,No,3317724,0.0,70.0,360.0,1.0,Semiurban,y,1,low,1,0,mid
LP002925,Uknown,No,0,Graduate,No,3317724,0.0,94.0,360.0,1.0,Semiurban,y,1,low,1,0,mid
LP002926,Male,Yes,2,Graduate,Yes,3317724,0.0,106.0,360.0,0.0,Semiurban,n,0,low,1,0,low
LP002928,Male,Yes,0,Graduate,No,3317724,3416.0,56.0,180.0,1.0,Semiurban,y,1,low,1,0,mid
LP002931,Male,Yes,2,Graduate,Yes,3317724,0.0,205.0,240.0,1.0,Semiurban,n,0,low,1,0,mid
LP002933,Uknown,No,3+,Graduate,Yes,3317724,0.0,292.0,360.0,1.0,Semiurban,y,1,low,1,0,mid
LP002936,Male,Yes,0,Graduate,No,3317724,3300.0,142.0,180.0,1.0,Rural,y,1,low,1,0,mid
LP002938,Male,Yes,0,Graduate,Yes,3317724,0.0,260.0,360.0,1.0,Urban,y,1,low,1,0,mid
LP002940,Male,No,0,Not Graduate,No,3317724,0.0,110.0,360.0,1.0,Rural,y,1,low,1,0,mid
LP002941,Male,Yes,2,Not Graduate,Yes,3317724,1000.0,187.0,360.0,1.0,Rural,n,0,low,1,0,mid
LP002943,Male,No,Uknown,Graduate,No,3317724,0.0,88.0,360.0,0.0,Semiurban,n,0,low,1,0,low
LP002945,Male,Yes,0,Graduate,Yes,3317724,0.0,180.0,360.0,1.0,Rural,y,1,low,1,0,mid
LP002948,Male,Yes,2,Graduate,No,3317724,0.0,192.0,360.0,1.0,Urban,y,1,low,1,0,mid
LP002949,Female,No,3+,Graduate,Uknown,3317724,41667.0,350.0,180.0,,Urban,n,0,High,1,0,High
LP002950,Male,Yes,0,Not Graduate,Uknown,3317724,2792.0,155.0,360.0,1.0,Rural,y,1,low,1,0,mid
LP002953,Male,Yes,3+,Graduate,No,3317724,0.0,128.0,360.0,1.0,Urban,y,1,low,1,0,mid
LP002958,Male,No,0,Graduate,No,3317724,4301.0,172.0,360.0,1.0,Rural,y,1,low,1,0,mid
LP002959,Female,Yes,1,Graduate,No,3317724,0.0,496.0,360.0,1.0,Semiurban,y,1,low,1,0,mid
LP002960,Male,Yes,0,Not Graduate,No,3317724,3800.0,128.0,180.0,1.0,Urban,n,0,low,1,0,mid
LP002961,Male,Yes,1,Graduate,No,3317724,2500.0,173.0,360.0,1.0,Semiurban,y,1,low,1,0,mid
LP002964,Male,Yes,2,Not Graduate,No,3317724,1411.0,157.0,360.0,1.0,Rural,y,1,low,1,0,mid
LP002974,Male,Yes,0,Graduate,No,3317724,1950.0,108.0,360.0,1.0,Rural,y,1,low,1,0,mid
LP002978,Female,No,0,Graduate,No,3317724,0.0,71.0,360.0,1.0,Rural,y,1,low,1,0,mid
LP002979,Male,Yes,3+,Graduate,No,3317724,0.0,40.0,180.0,1.0,Rural,y,1,low,1,0,mid
LP002983,Male,Yes,1,Graduate,No,3317724,240.0,253.0,360.0,1.0,Urban,y,1,low,1,0,mid
LP002984,Male,Yes,2,Graduate,No,3317724,0.0,187.0,360.0,1.0,Urban,y,1,low,1,0,mid
LP002990,Female,No,0,Graduate,Yes,3317724,0.0,133.0,360.0,0.0,Semiurban,n,0,low,1,0,low
